wildtype,variable
TTC,TTA
TTG,TTT
TCT,TAT
TCC,TAC
TCC,TCA
TCA,TAA
TCG,TAG
TCG,TCT
TAC,TAA
TAG,TAT
TGT,TTT
TGC,TTC
TGC,TGA
TGA,TTA
TGG,TTG
TGG,TGT
CTT,ATT
CTC,ATC
CTC,CTA
CTA,ATA
CTG,ATG
CTG,CTT
CCT,ACT
CCT,CAT
CCC,ACC
CCC,CAC
CCC,CCA
CCA,ACA
CCA,CAA
CCG,ACG
CCG,CAG
CCG,CCT
CAT,AAT
CAC,AAC
CAC,CAA
CAA,AAA
CAG,AAG
CAG,CAT
CGT,AGT
CGT,CTT
CGC,AGC
CGC,CTC
CGC,CGA
CGA,AGA
CGA,CTA
CGG,AGG
CGG,CTG
CGG,CGT
ATC,ATA
ATG,ATT
ACT,AAT
ACC,AAC
ACC,ACA
ACA,AAA
ACG,AAG
ACG,ACT
AAC,AAA
AAG,AAT
AGT,ATT
AGC,ATC
AGC,AGA
AGA,ATA
AGG,ATG
AGG,AGT
GTT,TTT
GTC,TTC
GTC,GTA
GTA,TTA
GTG,TTG
GTG,GTT
GCT,TCT
GCT,GAT
GCC,TCC
GCC,GAC
GCC,GCA
GCA,TCA
GCA,GAA
GCG,TCG
GCG,GAG
GCG,GCT
GAT,TAT
GAC,TAC
GAC,GAA
GAA,TAA
GAG,TAG
GAG,GAT
GGT,TGT
GGT,GTT
GGC,TGC
GGC,GTC
GGC,GGA
GGA,TGA
GGA,GTA
GGG,TGG
GGG,GTG
GGG,GGT
